{"cameraMode":{"drawMode":0,"name":"Shaded","section":"Shading Mode"},"sceneLighting":false,"audioPlay":false,"sceneViewState":{"showFog":true,"showMaterialUpdate":true,"showSkybox":true,"showFlares":true,"showImageEffects":true,"showParticleSystems":true},"in2DMode":false,"pivot":{"x":0.4634675681591034,"y":0.5509999990463257,"z":-0.001117408275604248},"rotation":{"x":-0.33937886357307436,"y":0.19465284049510957,"z":-0.0721338540315628,"w":-0.9175057411193848},"size":1.5349409580230713,"orthographic":false}