{"cameraMode":{"drawMode":0,"name":"Shaded","section":"Shading Mode"},"sceneLighting":false,"audioPlay":false,"sceneViewState":{"showFog":true,"showMaterialUpdate":true,"showSkybox":true,"showFlares":true,"showImageEffects":true,"showParticleSystems":true},"in2DMode":false,"pivot":{"x":0.4634675681591034,"y":0.5509999990463257,"z":-0.001117408275604248},"rotation":{"x":-0.21314141154289246,"y":0.19542831182479859,"z":-0.04365520924329758,"w":-0.956321656703949},"size":2.434940814971924,"orthographic":false}